query,answers
cheap laptop student use,The Best Cheap Laptops for 2025 - PCMag
cheap laptop student use,The 5 Best Budget And Cheap Laptops For Students of 2025
cheap laptop student use,Best Budget Laptops for Students in 2025: When Performance Meets ...
cheap laptop student use,Best Affordable Laptops For College Students
cheap laptop student use,The best student laptops in 2025: top laptops for college and school
cheap laptop student use,12 Best Budget Laptops for College Students in 2025
cheap laptop student use,13 Best Cheap Laptops (2024): Our Picks for $800 or Less - WIRED
cheap laptop student use,10 Best Affordable Laptops for Students in 2025 - Perfect for Every Budget
cheap laptop student use,10 Best Affordable Laptops for Students: Smart Choices for Every Budget
cheap laptop student use,The Best Budget Laptops for Students (2025) - PC Outlet
shose runing men nike,Men's Running Shoes. Nike.com
shose runing men nike,Running Shoes (146) - Nike
shose runing men nike,The 8 Best Nike Running Shoes for Men - Runner's World
shose runing men nike,Mens Best Sellers Running Shoes - Nike
shose runing men nike,Amazon.com: Nike Running Shoes Mens
shose runing men nike,The 10 Best Nike Running Shoes of 2024 - Running Shoe Reviews
shose runing men nike,Nike Running Shoes for Men
shose runing men nike,Men's Nike Running Shoes - Nordstrom
shose runing men nike,7 Best Nike Running Shoes in 2025 - RunRepeat
shose runing men nike,Nike Running Shoes - Foot Locker
shose runing men nike,Men's Running Shoes. Nike.com
shose runing men nike,Running Shoes (146) - Nike
shose runing men nike,Mens Best Sellers Running Shoes - Nike
shose runing men nike,Amazon.com: Nike Running Shoes Mens
shose runing men nike,Nike Running Shoes for Men
shose runing men nike,The 8 Best Nike Running Shoes for Men - Runner's World
shose runing men nike,The 10 Best Nike Running Shoes of 2024 - Running Shoe Reviews
shose runing men nike,7 Best Nike Running Shoes in 2025 - RunRepeat
shose runing men nike,Nike Running Shoes - Foot Locker
shose runing men nike,Men's Nike Running Shoes - Nordstrom
shose runing men nike,Men's Running Shoes. Nike.com
shose runing men nike,Running Shoes (146) - Nike
shose runing men nike,Mens Best Sellers Running Shoes - Nike
shose runing men nike,Amazon.com: Nike Running Shoes Mens
shose runing men nike,Men's Nike Running Shoes - Nordstrom
shose runing men nike,The 8 Best Nike Running Shoes for Men - Runner's World
shose runing men nike,Nike Running Shoes for Men
shose runing men nike,Men's Nike Running Shoes - Shoe Carnival
shose runing men nike,Men's Nike Running Shoes - Foot Locker
shose runing men nike,Mens Road Running Shoes (13) - Nike
shose runing men nike,Men's Running Shoes. Nike.com
shose runing men nike,Running Shoes (146) - Nike
shose runing men nike,Mens Best Sellers Running Shoes - Nike
shose runing men nike,Nike Running Shoes for Men
shose runing men nike,The 8 Best Nike Running Shoes for Men - Runner's World
shose runing men nike,The 10 Best Nike Running Shoes of 2024 - Running Shoe Reviews
shose runing men nike,Amazon.com: Nike Running Shoes Mens
shose runing men nike,Men's Nike Running Shoes - Nordstrom
shose runing men nike,Men's Nike Running Shoes - Shoe Carnival
shose runing men nike,Mens Road Running Shoes (13) - Nike
wireless headphone noise,Best noise-cancelling headphones in 2025 reviewed and rated
wireless headphone noise,Static Noise In Wireless Headphones? (8 Easy Fixes) - Producer Hive
wireless headphone noise,Why Do I Hear Static in my Headphones: Quick Fixes for Different ...
wireless headphone noise,Fix Headphones Crackling or Popping Sounds Problem [Solved] - SOUNDSIGHTR
wireless headphone noise,How to Fix Static Noise in Bluetooth Headphones (Easy Fixes) - SOUNDSIGHTR
wireless headphone noise,Earbuds Crackling or Static Noise - iFixit Troubleshooting
wireless headphone noise,How To Fix Static Noise in Headphones - HeadphonesAddict
wireless headphone noise,Why Do I Hear Static In My Headphones (White Noise in Wireless)
wireless headphone noise,9 Solutions - How to Get Rid of Static Noise in Bluetooth Headphones
wireless headphone noise,How to Remove Static Noise from Bluetooth Headphones
wireless headphone noise,Static Noise In Wireless Headphones? (8 Easy Fixes) - Producer Hive
wireless headphone noise,Why Do I Hear Static in my Headphones: Quick Fixes for Different ...
wireless headphone noise,How to Fix Static Noise in Bluetooth Headphones (Easy Fixes) - SOUNDSIGHTR
wireless headphone noise,Why Do I Hear Static In My Headphones (White Noise in Wireless)
wireless headphone noise,How To Fix Static Noise in Headphones - HeadphonesAddict
wireless headphone noise,9 Solutions - How to Get Rid of Static Noise in Bluetooth Headphones
wireless headphone noise,Earbuds Crackling or Static Noise - iFixit Troubleshooting
wireless headphone noise,Static-Free Sound: How to Get Rid of Static Noise in Bluetooth Headphones
wireless headphone noise,Common Bluetooth Headphones Issues & How to Fix Them - SOUNDSIGHTR
wireless headphone noise,How to Remove Static Noise from Bluetooth Headphones
wireless headphone noise,Static Noise In Wireless Headphones? (8 Easy Fixes) - Producer Hive
wireless headphone noise,Fix Headphones Crackling or Popping Sounds Problem [Solved] - SOUNDSIGHTR
wireless headphone noise,Why Do I Hear Static in my Headphones: Quick Fixes for Different ...
wireless headphone noise,How To Fix Static Noise in Headphones - HeadphonesAddict
wireless headphone noise,How to Fix Static Noise in Bluetooth Headphones (Easy Fixes) - SOUNDSIGHTR
wireless headphone noise,Earbuds Crackling or Static Noise - iFixit Troubleshooting
wireless headphone noise,How to Fix Static Noise in Headphones? Complete Solution 2025
wireless headphone noise,9 Solutions - How to Get Rid of Static Noise in Bluetooth Headphones
wireless headphone noise,Why Do I Hear Static In My Headphones (White Noise in Wireless)
wireless headphone noise,How to Remove Static Noise from Bluetooth Headphones
wireless headphone noise,Best noise-cancelling headphones in 2025 reviewed and rated
wireless headphone noise,Static Noise In Wireless Headphones? (8 Easy Fixes) - Producer Hive
wireless headphone noise,Why Do I Hear Static in my Headphones: Quick Fixes for Different ...
wireless headphone noise,Fix Headphones Crackling or Popping Sounds Problem [Solved] - SOUNDSIGHTR
wireless headphone noise,How to Fix Static Noise in Bluetooth Headphones (Easy Fixes) - SOUNDSIGHTR
wireless headphone noise,How To Fix Static Noise in Headphones - HeadphonesAddict
wireless headphone noise,Earbuds Crackling or Static Noise - iFixit Troubleshooting
wireless headphone noise,Why Do I Hear Static In My Headphones (White Noise in Wireless)
wireless headphone noise,9 Solutions - How to Get Rid of Static Noise in Bluetooth Headphones
wireless headphone noise,How to Remove Static Noise from Bluetooth Headphones
wireless headphone noise,Static Noise In Wireless Headphones? (8 Easy Fixes) - Producer Hive
wireless headphone noise,How to Fix Static Noise in Bluetooth Headphones (Easy Fixes) - SOUNDSIGHTR
wireless headphone noise,Why Do I Hear Static in my Headphones: Quick Fixes for Different ...
wireless headphone noise,Fix Headphones Crackling or Popping Sounds Problem [Solved] - SOUNDSIGHTR
wireless headphone noise,How To Fix Static Noise in Headphones - HeadphonesAddict
wireless headphone noise,How to Fix Static Noise in Headphones? Complete Solution 2025
wireless headphone noise,Why Do I Hear Static In My Headphones (White Noise in Wireless)
wireless headphone noise,Earbuds Crackling or Static Noise - iFixit Troubleshooting
wireless headphone noise,Static-Free Sound: How to Get Rid of Static Noise in Bluetooth Headphones
wireless headphone noise,How to Remove Static Noise from Bluetooth Headphones
wireless headphone noise,Best noise-cancelling headphones in 2025 reviewed and rated
wireless headphone noise,Static Noise In Wireless Headphones? (8 Easy Fixes) - Producer Hive
wireless headphone noise,Why Do I Hear Static in my Headphones: Quick Fixes for Different ...
wireless headphone noise,Fix Headphones Crackling or Popping Sounds Problem [Solved] - SOUNDSIGHTR
wireless headphone noise,How to Fix Static Noise in Bluetooth Headphones (Easy Fixes) - SOUNDSIGHTR
wireless headphone noise,How To Fix Static Noise in Headphones - HeadphonesAddict
wireless headphone noise,Why Do I Hear Static in My Headphones & How to Fix It (Solved)
wireless headphone noise,Why Do I Hear White Noises In My Headphones? (Find Out)
wireless headphone noise,Earbuds Crackling or Static Noise - iFixit Troubleshooting
wireless headphone noise,Headphones Crackling & Popping - What is it and How to Fix it?
wireless headphone noise,Static Noise In Wireless Headphones? (8 Easy Fixes) - Producer Hive
wireless headphone noise,Best noise-cancelling headphones in 2025 reviewed and rated
wireless headphone noise,Why Do I Hear Static in my Headphones: Quick Fixes for Different ...
wireless headphone noise,How To Fix Static Noise in Headphones - HeadphonesAddict
wireless headphone noise,How to Fix Static Noise in Bluetooth Headphones (Easy Fixes) - SOUNDSIGHTR
wireless headphone noise,Why Do I Hear Static in My Headphones & How to Fix It (Solved)
wireless headphone noise,Earbuds Crackling or Static Noise - iFixit Troubleshooting
wireless headphone noise,Headphones Crackling & Popping - What is it and How to Fix it?
wireless headphone noise,9 Solutions - How to Get Rid of Static Noise in Bluetooth Headphones
wireless headphone noise,Why Do I Hear White Noises In My Headphones? (Find Out)
wireless headphone noise,Best noise-cancelling headphones in 2025 reviewed and rated
wireless headphone noise,Static Noise In Wireless Headphones? (8 Easy Fixes) - Producer Hive
wireless headphone noise,Why Do I Hear Static in my Headphones: Quick Fixes for Different ...
wireless headphone noise,Fix Headphones Crackling or Popping Sounds Problem [Solved] - SOUNDSIGHTR
wireless headphone noise,How to Fix Static Noise in Bluetooth Headphones (Easy Fixes) - SOUNDSIGHTR
wireless headphone noise,Why Do I Hear Static in My Headphones & How to Fix It (Solved)
wireless headphone noise,How To Fix Static Noise in Headphones - HeadphonesAddict
wireless headphone noise,Headphones Producing Static noise while connected via Bluetooth ...
wireless headphone noise,Why Do I Hear White Noises In My Headphones? (Find Out)
wireless headphone noise,Static-Free Sound: How to Get Rid of Static Noise in Bluetooth Headphones
